[
    {
        "name": "laminas/laminas-escaper",
        "version": "2.7.0",
        "version_normalized": "2.7.0.0",
        "source": {
            "type": "git",
            "url": "https://github.com/laminas/laminas-escaper.git",
            "reference": "5e04bc5ae5990b17159d79d331055e2c645e5cc5"
        },
        "dist": {
            "type": "zip",
            "url": "https://api.github.com/repos/laminas/laminas-escaper/zipball/5e04bc5ae5990b17159d79d331055e2c645e5cc5",
            "reference": "5e04bc5ae5990b17159d79d331055e2c645e5cc5",
            "shasum": ""
        },
        "require": {
            "laminas/laminas-zendframework-bridge": "^1.0",
            "php": "^7.3 || ~8.0.0"
        },
        "replace": {
            "zendframework/zend-escaper": "^2.6.1"
        },
        "require-dev": {
            "laminas/laminas-coding-standard": "~1.0.0",
            "phpunit/phpunit": "^9.3",
            "psalm/plugin-phpunit": "^0.12.2",
            "vimeo/psalm": "^3.16"
        },
        "suggest": {
            "ext-iconv": "*",
            "ext-mbstring": "*"
        },
        "time": "2020-11-17T21:26:43+00:00",
        "type": "library",
        "installation-source": "dist",
        "autoload": {
            "psr-4": {
                "Laminas\\Escaper\\": "src/"
            }
        },
        "notification-url": "https://packagist.org/downloads/",
        "license": [
            "BSD-3-Clause"
        ],
        "description": "Securely and safely escape HTML, HTML attributes, JavaScript, CSS, and URLs",
        "homepage": "https://laminas.dev",
        "keywords": [
            "escaper",
            "laminas"
        ],
        "funding": [
            {
                "url": "https://funding.communitybridge.org/projects/laminas-project",
                "type": "community_bridge"
            }
        ]
    },
    {
        "name": "laminas/laminas-zendframework-bridge",
        "version": "1.2.0",
        "version_normalized": "1.2.0.0",
        "source": {
            "type": "git",
            "url": "https://github.com/laminas/laminas-zendframework-bridge.git",
            "reference": "6cccbddfcfc742eb02158d6137ca5687d92cee32"
        },
        "dist": {
            "type": "zip",
            "url": "https://api.github.com/repos/laminas/laminas-zendframework-bridge/zipball/6cccbddfcfc742eb02158d6137ca5687d92cee32",
            "reference": "6cccbddfcfc742eb02158d6137ca5687d92cee32",
            "shasum": ""
        },
        "require": {
            "php": "^7.3 || ^8.0"
        },
        "require-dev": {
            "phpunit/phpunit": "^5.7 || ^6.5 || ^7.5 || ^8.1 || ^9.3",
            "psalm/plugin-phpunit": "^0.15.1",
            "squizlabs/php_codesniffer": "^3.5",
            "vimeo/psalm": "^4.6"
        },
        "time": "2021-02-25T21:54:58+00:00",
        "type": "library",
        "extra": {
            "laminas": {
                "module": "Laminas\\ZendFrameworkBridge"
            }
        },
        "installation-source": "dist",
        "autoload": {
            "files": [
                "src/autoload.php"
            ],
            "psr-4": {
                "Laminas\\ZendFrameworkBridge\\": "src//"
            }
        },
        "notification-url": "https://packagist.org/downloads/",
        "license": [
            "BSD-3-Clause"
        ],
        "description": "Alias legacy ZF class names to Laminas Project equivalents.",
        "keywords": [
            "ZendFramework",
            "autoloading",
            "laminas",
            "zf"
        ],
        "funding": [
            {
                "url": "https://funding.communitybridge.org/projects/laminas-project",
                "type": "community_bridge"
            }
        ]
    },
    {
        "name": "phpoffice/phpword",
        "version": "0.18.1",
        "version_normalized": "0.18.1.0",
        "source": {
            "type": "git",
            "url": "https://github.com/PHPOffice/PHPWord.git",
            "reference": "06b90e39a36872c6ee73534e1a073f4b3132fc6a"
        },
        "dist": {
            "type": "zip",
            "url": "https://api.github.com/repos/PHPOffice/PHPWord/zipball/06b90e39a36872c6ee73534e1a073f4b3132fc6a",
            "reference": "06b90e39a36872c6ee73534e1a073f4b3132fc6a",
            "shasum": ""
        },
        "require": {
            "ext-xml": "*",
            "laminas/laminas-escaper": "^2.2",
            "php": "^5.3.3 || ^7.0 || ^8.0"
        },
        "require-dev": {
            "dompdf/dompdf": "0.8.* || 1.0.*",
            "ext-gd": "*",
            "ext-zip": "*",
            "friendsofphp/php-cs-fixer": "^2.2",
            "mpdf/mpdf": "5.7.4 || 6.* || 7.* || 8.*",
            "php-coveralls/php-coveralls": "1.1.0 || ^2.0",
            "phploc/phploc": "2.* || 3.* || 4.* || 5.* || 6.* || 7.*",
            "phpmd/phpmd": "2.*",
            "phpunit/phpunit": "^4.8.36 || ^7.0",
            "squizlabs/php_codesniffer": "^2.9 || ^3.5",
            "tecnickcom/tcpdf": "6.*"
        },
        "suggest": {
            "dompdf/dompdf": "Allows writing PDF",
            "ext-gd2": "Allows adding images",
            "ext-xmlwriter": "Allows writing OOXML and ODF",
            "ext-xsl": "Allows applying XSL style sheet to headers, to main document part, and to footers of an OOXML template",
            "ext-zip": "Allows writing OOXML and ODF"
        },
        "time": "2021-03-08T01:06:35+00:00",
        "type": "library",
        "extra": {
            "branch-alias": {
                "dev-develop": "0.18-dev"
            }
        },
        "installation-source": "dist",
        "autoload": {
            "psr-4": {
                "PhpOffice\\PhpWord\\": "src/PhpWord"
            }
        },
        "notification-url": "https://packagist.org/downloads/",
        "license": [
            "LGPL-3.0"
        ],
        "authors": [
            {
                "name": "Mark Baker"
            },
            {
                "name": "Gabriel Bull",
                "email": "me@gabrielbull.com",
                "homepage": "http://gabrielbull.com/"
            },
            {
                "name": "Franck Lefevre",
                "homepage": "https://rootslabs.net/blog/"
            },
            {
                "name": "Ivan Lanin",
                "homepage": "http://ivan.lanin.org"
            },
            {
                "name": "Roman Syroeshko",
                "homepage": "http://ru.linkedin.com/pub/roman-syroeshko/34/a53/994/"
            },
            {
                "name": "Antoine de Troostembergh"
            }
        ],
        "description": "PHPWord - A pure PHP library for reading and writing word processing documents (OOXML, ODF, RTF, HTML, PDF)",
        "homepage": "http://phpoffice.github.io",
        "keywords": [
            "ISO IEC 29500",
            "OOXML",
            "Office Open XML",
            "OpenDocument",
            "OpenXML",
            "PhpOffice",
            "PhpWord",
            "Rich Text Format",
            "WordprocessingML",
            "doc",
            "docx",
            "html",
            "odf",
            "odt",
            "office",
            "pdf",
            "php",
            "reader",
            "rtf",
            "template",
            "template processor",
            "word",
            "writer"
        ]
    }
]
